eeg_audio0,1
eeg_audio1,1
eeg_audio2,1
eeg_audio3,1
eeg_audio4,1
eeg_audio5,1
eeg_audio6,1
eeg_audio7,1
eeg_audio8,1
eeg_audio9,1
eeg_audio10,1
eeg_audio11,1
eeg_audio12,1
eeg_audio13,1
eeg_audio14,1
eeg_audio15,1
eeg_audio16,1
eeg_audio17,1
eeg_audio18,1
eeg_audio19,1
eeg_audio20,1
eeg_audio21,1
eeg_audio22,1
eeg_audio23,1
eeg_audio24,1
eeg_audio25,1
eeg_audio26,1
eeg_audio27,1
eeg_audio28,1
eeg_audio29,1
eeg_audio30,1
eeg_audio31,1
eeg_audio32,1
eeg_audio33,1
eeg_audio34,1
eeg_audio35,1
eeg_audio36,1
eeg_audio37,1
eeg_audio38,1
eeg_audio39,1
eeg_audio40,1
eeg_audio41,1
eeg_audio42,1
eeg_audio43,1
eeg_audio44,1
eeg_audio45,1
eeg_audio46,1
eeg_audio47,1
eeg_audio48,1
eeg_audio49,1
eeg_audio50,1
eeg_audio51,1
eeg_audio52,1
eeg_audio53,1
eeg_audio54,1
eeg_audio55,1
eeg_audio56,1
eeg_audio57,1
